id,title,description,availability,condition,price,link,image_link,brand,product_type
27,Premium shorts,"PUMA – আধুনিক ক্রীড়া ও ফ্যাশনের প্রতীক
পুমা বিশ্বের অন্যতম জনপ্রিয় স্পোর্টস ব্র্যান্ড, যা তার মানসম্মত ক্রীড়া পোশাকের জন্য বিখ্যাত। Brine BD‑তে আমরা নিয়ে এসেছি PUMA‑র এক্সক্লুসিভ স্পোর্টস শর্টস কালেকশন, যা খেলাধুলা থেকে শুরু করে দৈনন্দিন আরামদায়ক পরিধানে আপনার প্রথম পছন্দ হবে।

কেন এই PUMA শর্টসটি বেছে নেবেন?

শ্বাস‑প্রশ্বাসযোগ্য ফ্যাব্রিক – বিশেষ ড্রাই-ফিট বা মেশ কাপড় পা ঠান্ডা ও শুষ্ক রাখে, অতিরিক্ত ঘাম জমতে দেয় না।

হালকা ওজনের ডিজাইন – দৌড়ানো, জিম করা বা ক্রিকেট খেলার সময় কোনো অস্বস্তি হয় না।

ইলাস্টিক ওয়েস্টব্যান্ড + ড্রস্ট্রিং – পেটের সঙ্গে নিখুঁত ফিটের জন্য সামঞ্জস্যযোগ্য, যাতে শর্টস পিছলে না যায়।

টেকসই সেলাই ও প্রিমিয়াম কোয়ালিটি – দীর্ঘদিন ব্যবহারের পরেও রং ও আকৃতি অক্ষুণ্ণ থাকে।

আইকনিক PUMA লোগো – ব্র্যান্ডের পরিচিতি বহন করে, যা পরিধানকে দেয় স্পোর্টি লুক।
কখন পরবেন?

ফুটবল, ক্রিকেট, বাস্কেটবল বা দৌড় প্রশিক্ষণ

জিম ও ফিটনেস ওয়ার্কআউট

ঘরের ভেতরে আরামদায়ক পোশাক হিসেবে

গ্রীষ্মের গরমে ক্যাজুয়াল আউটিং বা বন্ধুদের সাথে আড্ডা

Brine BD‑তে কেন কিনবেন?
আমরা শুধুমাত্র ১০০% অথেনটিক PUMA পণ্য সরবরাহ করি। প্রতিটি শর্টসের সাথে থাকে ব্র্যান্ডের অরিজিনালিটি ট্যাগ। আমাদের কাছে পাবেন যুক্তিসঙ্গত দাম, সারাদেশে দ্রুত ডেলিভারি এবং ঝামেলামুক্ত রিটার্ন নীতি।

সাইজ নির্বাচন
সঠিক সাইজ পেতে আমাদের ওয়েবসাইটের সাইজ চার্ট দেখে নিন (কোমড় ও উচ্চতা মাপুন)। সাইজ নিয়ে দ্বিধায় থাকলে আমাদের কাস্টমার কেয়ার টিম আপনাকে গাইড করবে।
অর্ডার করুন আজই
পছন্দের কালার ও সাইজ বেছে নিন, কার্টে যোগ করুন আর কয়েক ক্লিকেই অর্ডার করে ফেলুন। দেশের যেকোনো জায়গায় পৌঁছে যাবে আপনার পছন্দের PUMA শর্টস।",in stock,new,320.00 BDT,https://brinebd.xyz/?product_id=27,https://nlsfcjsgxjlikwlyyzcu.supabase.co/storage/v1/object/public/product-images/1786046055475_e0.jpg,Brine BD,Pants
5,Premium quality short pant,Premium quality short pant,out of stock,new,250.00 BDT,https://brinebd.xyz/?product_id=5,https://nlsfcjsgxjlikwlyyzcu.supabase.co/storage/v1/object/public/product-images/1781201498123.jpg,Brine BD,Pants
6,Premium shorts,Premium shorts,in stock,new,250.00 BDT,https://brinebd.xyz/?product_id=6,https://nlsfcjsgxjlikwlyyzcu.supabase.co/storage/v1/object/public/product-images/1789565786619_e0.jpg,Brine BD,Pants
7,Premium shorts,Premium shorts,out of stock,new,250.00 BDT,https://brinebd.xyz/?product_id=7,https://nlsfcjsgxjlikwlyyzcu.supabase.co/storage/v1/object/public/product-images/1781201573130.jpg,Brine BD,Pants
8,Premium shorts,Premium shorts,out of stock,new,250.00 BDT,https://brinebd.xyz/?product_id=8,https://nlsfcjsgxjlikwlyyzcu.supabase.co/storage/v1/object/public/product-images/1781201606698.jpg,Brine BD,Pants
9,Premium shorts,Premium shorts,out of stock,new,250.00 BDT,https://brinebd.xyz/?product_id=9,https://nlsfcjsgxjlikwlyyzcu.supabase.co/storage/v1/object/public/product-images/1781201663093.jpg,Brine BD,Pants
13,Premium shorts,Premium shorts,in stock,new,250.00 BDT,https://brinebd.xyz/?product_id=13,https://nlsfcjsgxjlikwlyyzcu.supabase.co/storage/v1/object/public/product-images/1789422591271_e0.jpg,Brine BD,Pants
12,Premium shorts,Premium shorts,out of stock,new,250.00 BDT,https://brinebd.xyz/?product_id=12,https://nlsfcjsgxjlikwlyyzcu.supabase.co/storage/v1/object/public/product-images/1781201878341.jpg,Brine BD,Pants
42,Li ning shorts,"# Li-Ning Premium 2-in-1 Sports Shorts | Built-in Compression Inner | BrineBD

আপনার জিম, রানিং, ফুটবল, ক্রিকেট, সাইক্লিং কিংবা দৈনন্দিন ব্যবহারের জন্য **BrineBD Li-Ning Premium 2-in-1 Sports Shorts** একটি প্রিমিয়াম পছন্দ। এই শর্টসে রয়েছে **Built-in Compression Inner**, যা বাইরে থেকে দৃশ্যমান এবং অতিরিক্ত সাপোর্ট, কমফোর্ট ও স্টাইল নিশ্চিত করে।

উন্নত মানের **Premium Micro Stretch Fabric** দিয়ে তৈরি এই শর্টস হালকা, নরম, শ্বাস-প্রশ্বাসযোগ্য (Breathable) এবং **Quick Dry Technology**-সমৃদ্ধ। দীর্ঘ সময় পরেও এটি আরামদায়ক অনুভূতি দেয় এবং ওয়ার্কআউট বা দৈনন্দিন ব্যবহারে সর্বোচ্চ পারফরম্যান্স নিশ্চিত করে।

## Features

* Premium 2-in-1 Sports Shorts
* Visible Built-in Compression Inner
* Premium Micro Stretch Fabric
* Quick Dry Technology
* Breathable & Lightweight Material
* 4-Way Stretch for Maximum Flexibility
* Comfortable Elastic Waistband with Drawstring
* Durable Stitching & Premium Finishing
* Ideal for Gym, Running, Football, Cricket, Cycling & Daily Wear

## Why Choose BrineBD?

* Premium Quality Guaranteed
* Carefully Quality Checked Before Delivery
* Comfortable Fit & Modern Athletic Design
* Long-Lasting Fabric & Strong Stitching
* Cash on Delivery Available
* Fast Delivery Across Bangladesh
* Trusted Sportswear Brand

## Perfect For

* Gym Workout
* Running & Jogging
* Football
* Cricket
* Cycling
* Fitness Training
* Travel
* Casual Wear

## Size Guide

* XL: 28–33 Inch
* XXL: 34–40 Inch

---

### SEO Title

**Li-Ning Premium 2-in-1 Sports Shorts | Compression Inner | BrineBD**

### Meta Description

**Buy Li-Ning Premium 2-in-1 Sports Shorts with Built-in Compression Inner. Quick Dry, Breathable Fabric, Premium Quality, Cash on Delivery & Fast Delivery Across Bangladesh.*",in stock,new,350.00 BDT,https://brinebd.xyz/?product_id=42,https://nlsfcjsgxjlikwlyyzcu.supabase.co/storage/v1/object/public/product-images/1789422504412_e0.jpg,Li Ning,Pants
22,Premium shorts,"Description: Premium Nike short pant in light grey color with black drawstring. Smooth lightweight fabric, elastic waistband — perfect for gym, sports and casual daily wear. Cash on Delivery available all over Bangladesh.",out of stock,new,250.00 BDT,https://brinebd.xyz/?product_id=22,https://nlsfcjsgxjlikwlyyzcu.supabase.co/storage/v1/object/public/product-images/1782061609308_0.jpg,Brine BD,Pants
40,T90 shorts,"জিম, ফুটবল বা দৌড়ানোর জন্য এক্সট্রা কমফোর্ট আর সাপোর্ট চান? 
এই T90 Style Shorts-এ আছে Hidden Inner Compression Layer, যা দিচ্ছে 2-in-1 বেনিফিট — বাইরে থেকে স্টাইলিশ শর্টস, ভেতরে বিল্ট-ইন কমপ্রেশন লাইনার!

✅ Hidden Inner (２ in 1) – আলাদা করে আন্ডারওয়্যার/লাইনার পরার দরকার নাই
✅ প্রিমিয়াম ব্রিদেবল ফ্যাব্রিক – ঘাম শুষে নেয়, স্কিন ফ্রেন্ডলি
✅ Inner লেয়ার moves সাথে বডি – ফুল সাপোর্ট, কোনো চাফিং নাই
✅ ইলাস্টিক ওয়েস্টব্যান্ড + ড্র-স্ট্রিং – পারফেক্ট ফিট
✅ সব সাইজ (XL, XXL) available
✅ Multiple কালার অপশন

কেন এই শর্টস বেছে নিবেন?
🏃 জিম, রানিং, ফুটবল, জিম ওয়ার্কআউট — সব জায়গায় পারফেক্ট
🔥 Inner লাইনার থাকায় এক্সট্রা কনফিডেন্স আর ফ্রিডম অফ মুভমেন্ট
💧 কুইক-ড্রাই ফ্যাব্রিক — ঘামে ভিজে গেলেও দ্রুত শুকায়

🚚 ঢাকা সিটি ৭০৳, সাব-সিটি ১০০৳, সারাদেশে ১২০৳
💳 Cash on Delivery – পণ্য হাতে পেয়ে টাকা দিন
📏 সাইজ গাইড দেখে সঠিক সাইজ বেছে নিন
🔥 লিমিটেড স্টক – আজই অর্ডার করুন!",in stock,new,340.00 BDT,https://brinebd.xyz/?product_id=40,https://nlsfcjsgxjlikwlyyzcu.supabase.co/storage/v1/object/public/product-images/1790320374934_e0.jpg,T90,Pants
44,Li ning shorts,"# Li-Ning Premium 2-in-1 Sports Shorts | Built-in Compression Inner | BrineBD

আপনার জিম, রানিং, ফুটবল, ক্রিকেট, সাইক্লিং কিংবা দৈনন্দিন ব্যবহারের জন্য **BrineBD Li-Ning Premium 2-in-1 Sports Shorts** একটি প্রিমিয়াম পছন্দ। এই শর্টসে রয়েছে **Built-in Compression Inner**, যা বাইরে থেকে দৃশ্যমান এবং অতিরিক্ত সাপোর্ট, কমফোর্ট ও স্টাইল নিশ্চিত করে।

উন্নত মানের **Premium Micro Stretch Fabric** দিয়ে তৈরি এই শর্টস হালকা, নরম, শ্বাস-প্রশ্বাসযোগ্য (Breathable) এবং **Quick Dry Technology**-সমৃদ্ধ। দীর্ঘ সময় পরেও এটি আরামদায়ক অনুভূতি দেয় এবং ওয়ার্কআউট বা দৈনন্দিন ব্যবহারে সর্বোচ্চ পারফরম্যান্স নিশ্চিত করে।

## Features

* Premium 2-in-1 Sports Shorts
* Visible Built-in Compression Inner
* Premium Micro Stretch Fabric
* Quick Dry Technology
* Breathable & Lightweight Material
* 4-Way Stretch for Maximum Flexibility
* Comfortable Elastic Waistband with Drawstring
* Durable Stitching & Premium Finishing
* Ideal for Gym, Running, Football, Cricket, Cycling & Daily Wear

## Why Choose BrineBD?

* Premium Quality Guaranteed
* Carefully Quality Checked Before Delivery
* Comfortable Fit & Modern Athletic Design
* Long-Lasting Fabric & Strong Stitching
* Cash on Delivery Available
* Fast Delivery Across Bangladesh
* Trusted Sportswear Brand

## Perfect For

* Gym Workout
* Running & Jogging
* Football
* Cricket
* Cycling
* Fitness Training
* Travel
* Casual Wear

## Size Guide

* XL: 28–33 Inch
* XXL: 34–40 Inch

---

### SEO Title

**Li-Ning Premium 2-in-1 Sports Shorts | Compression Inner | BrineBD**

### Meta Description

**Buy Li-Ning Premium 2-in-1 Sports Shorts with Built-in Compression Inner. Quick Dry, Breathable Fabric, Premium Quality, Cash on Delivery & Fast Delivery Across Bangladesh.*",in stock,new,350.00 BDT,https://brinebd.xyz/?product_id=44,https://nlsfcjsgxjlikwlyyzcu.supabase.co/storage/v1/object/public/product-images/1789565605727_e0.jpg,Li Ning,Pants
52,T90 shorts,"জিম, ফুটবল বা দৌড়ানোর জন্য এক্সট্রা কমফোর্ট আর সাপোর্ট চান? এই T90 Style Shorts-এ আছে Hidden Inner Compression Layer, যা দিচ্ছে 2-in-1 বেনিফিট — বাইরে থেকে স্টাইলিশ শর্টস, ভেতরে বিল্ট-ইন কমপ্রেশন লাইনার!

✅ Hidden Inner (２ in 1) – আলাদা করে আন্ডারওয়্যার/লাইনার পরার দরকার নাই
✅ প্রিমিয়াম ব্রিদেবল ফ্যাব্রিক – ঘাম শুষে নেয়, স্কিন ফ্রেন্ডলি
✅ Inner লেয়ার moves সাথে বডি – ফুল সাপোর্ট, কোনো চাফিং নাই
✅ ইলাস্টিক ওয়েস্টব্যান্ড + ড্র-স্ট্রিং – পারফেক্ট ফিট
✅ সাইজ (XL, XXL) available
✅ Multiple কালার অপশন

কেন এই শর্টস বেছে নিবেন?
🏃 জিম, রানিং, ফুটবল, জিম ওয়ার্কআউট — সব জায়গায় পারফেক্ট
🔥 Inner লাইনার থাকায় এক্সট্রা কনফিডেন্স আর ফ্রিডম অফ মুভমেন্ট
💧 কুইক-ড্রাই ফ্যাব্রিক — ঘামে ভিজে গেলেও দ্রুত শুকায়

🚚 ঢাকা সিটি ৭০৳, ঢাকা সাব-সিটি ১০০৳, সারাদেশে ১২০৳
💳 Cash on Delivery – পণ্য হাতে পেয়ে টাকা দিন
📏 সাইজ গাইড দেখে সঠিক সাইজ বেছে নিন
🔥 লিমিটেড স্টক – আজই অর্ডার করুন!",in stock,new,340.00 BDT,https://brinebd.xyz/?product_id=52,https://nlsfcjsgxjlikwlyyzcu.supabase.co/storage/v1/object/public/product-images/1790318466289_e0.jpg,T90,Jersey
63,Premium trouser,"স্টাইল, কমফোর্ট আর প্রিমিয়াম লুক—সবকিছুর সুন্দর সমন্বয়ে তৈরি এই ট্রাউজারটি আপনার দৈনন্দিন ও ক্যাজুয়াল ওয়্যার কালেকশনের জন্য দারুণ একটি পছন্দ।
পণ্যের বৈশিষ্ট্য:
প্রিমিয়াম কোয়ালিটির ফ্যাব্রিক
সুন্দর ও স্মার্ট ফিট
আরামদায়ক ইলাস্টিক ওয়েস্টব্যান্ড
Adjustable drawstring
সামনে ও পেছনে ব্যবহারযোগ্য পকেট
পরিপাটি stitching ও finishing
হালকা textured fabric, যা লুককে আরও প্রিমিয়াম করে
Casual, outing ও everyday wear-এর জন্য উপযোগী
দীর্ঘসময় পরলেও আরামদায়ক
কার জন্য: যারা কমফোর্টের পাশাপাশি স্মার্ট ও প্রিমিয়াম লুক পছন্দ করেন, তাদের জন্য উপযুক্ত।",in stock,new,650.00 BDT,https://brinebd.xyz/?product_id=63,https://nlsfcjsgxjlikwlyyzcu.supabase.co/storage/v1/object/public/product-images/1789938290284_e0.jpg,Brine BD,Trousers
11,Premium shorts,Premium shorts,out of stock,new,250.00 BDT,https://brinebd.xyz/?product_id=11,https://nlsfcjsgxjlikwlyyzcu.supabase.co/storage/v1/object/public/product-images/1781201724752.jpg,Brine BD,Pants
62,Premium trouser,"স্টাইল, কমফোর্ট আর প্রিমিয়াম লুক—সবকিছুর সুন্দর সমন্বয়ে তৈরি এই ট্রাউজারটি আপনার দৈনন্দিন ও ক্যাজুয়াল ওয়্যার কালেকশনের জন্য দারুণ একটি পছন্দ।
পণ্যের বৈশিষ্ট্য:
প্রিমিয়াম কোয়ালিটির ফ্যাব্রিক
সুন্দর ও স্মার্ট ফিট
আরামদায়ক ইলাস্টিক ওয়েস্টব্যান্ড
Adjustable drawstring
সামনে ও পেছনে ব্যবহারযোগ্য পকেট
পরিপাটি stitching ও finishing
হালকা textured fabric, যা লুককে আরও প্রিমিয়াম করে
Casual, outing ও everyday wear-এর জন্য উপযোগী
দীর্ঘসময় পরলেও আরামদায়ক
কার জন্য: যারা কমফোর্টের পাশাপাশি স্মার্ট ও প্রিমিয়াম লুক পছন্দ করেন, তাদের জন্য উপযুক্ত।",in stock,new,650.00 BDT,https://brinebd.xyz/?product_id=62,https://nlsfcjsgxjlikwlyyzcu.supabase.co/storage/v1/object/public/product-images/1789938309401_e0.jpg,Brine BD,Trousers
30,Premium shorts,"PUMA – আধুনিক ক্রীড়া ও ফ্যাশনের প্রতীক
পুমা বিশ্বের অন্যতম জনপ্রিয় স্পোর্টস ব্র্যান্ড, যা তার মানসম্মত ক্রীড়া পোশাকের জন্য বিখ্যাত। Brine BD‑তে আমরা নিয়ে এসেছি PUMA‑র এক্সক্লুসিভ স্পোর্টস শর্টস কালেকশন, যা খেলাধুলা থেকে শুরু করে দৈনন্দিন আরামদায়ক পরিধানে আপনার প্রথম পছন্দ হবে।

কেন এই PUMA শর্টসটি বেছে নেবেন?

শ্বাস‑প্রশ্বাসযোগ্য ফ্যাব্রিক – বিশেষ ড্রাই-ফিট বা মেশ কাপড় পা ঠান্ডা ও শুষ্ক রাখে, অতিরিক্ত ঘাম জমতে দেয় না।

হালকা ওজনের ডিজাইন – দৌড়ানো, জিম করা বা ক্রিকেট খেলার সময় কোনো অস্বস্তি হয় না।

ইলাস্টিক ওয়েস্টব্যান্ড + ড্রস্ট্রিং – পেটের সঙ্গে নিখুঁত ফিটের জন্য সামঞ্জস্যযোগ্য, যাতে শর্টস পিছলে না যায়।

টেকসই সেলাই ও প্রিমিয়াম কোয়ালিটি – দীর্ঘদিন ব্যবহারের পরেও রং ও আকৃতি অক্ষুণ্ণ থাকে।

আইকনিক PUMA লোগো – ব্র্যান্ডের পরিচিতি বহন করে, যা পরিধানকে দেয় স্পোর্টি লুক।
কখন পরবেন?

ফুটবল, ক্রিকেট, বাস্কেটবল বা দৌড় প্রশিক্ষণ

জিম ও ফিটনেস ওয়ার্কআউট

ঘরের ভেতরে আরামদায়ক পোশাক হিসেবে

গ্রীষ্মের গরমে ক্যাজুয়াল আউটিং বা বন্ধুদের সাথে আড্ডা

Brine BD‑তে কেন কিনবেন?
আমরা শুধুমাত্র ১০০% অথেনটিক PUMA পণ্য সরবরাহ করি। প্রতিটি শর্টসের সাথে থাকে ব্র্যান্ডের অরিজিনালিটি ট্যাগ। আমাদের কাছে পাবেন যুক্তিসঙ্গত দাম, সারাদেশে দ্রুত ডেলিভারি এবং ঝামেলামুক্ত রিটার্ন নীতি।

সাইজ নির্বাচন
সঠিক সাইজ পেতে আমাদের ওয়েবসাইটের সাইজ চার্ট দেখে নিন (কোমড় ও উচ্চতা মাপুন)। সাইজ নিয়ে দ্বিধায় থাকলে আমাদের কাস্টমার কেয়ার টিম আপনাকে গাইড করবে।
অর্ডার করুন আজই
পছন্দের কালার ও সাইজ বেছে নিন, কার্টে যোগ করুন আর কয়েক ক্লিকেই অর্ডার করে ফেলুন। দেশের যেকোনো জায়গায় পৌঁছে যাবে আপনার পছন্দের PUMA শর্টস।",in stock,new,320.00 BDT,https://brinebd.xyz/?product_id=30,https://nlsfcjsgxjlikwlyyzcu.supabase.co/storage/v1/object/public/product-images/1786045994488_e0.jpg,Brine BD,Pants
33,Premium shorts,Premium shorts,in stock,new,320.00 BDT,https://brinebd.xyz/?product_id=33,https://nlsfcjsgxjlikwlyyzcu.supabase.co/storage/v1/object/public/product-images/1786045924104_e0.jpg,Brine BD,Pants
60,Premium trouser,"স্টাইল, কমফোর্ট আর প্রিমিয়াম লুক—সবকিছুর সুন্দর সমন্বয়ে তৈরি এই ট্রাউজারটি আপনার দৈনন্দিন ও ক্যাজুয়াল ওয়্যার কালেকশনের জন্য দারুণ একটি পছন্দ।
পণ্যের বৈশিষ্ট্য:
প্রিমিয়াম কোয়ালিটির ফ্যাব্রিক
সুন্দর ও স্মার্ট ফিট
আরামদায়ক ইলাস্টিক ওয়েস্টব্যান্ড
Adjustable drawstring
সামনে ও পেছনে ব্যবহারযোগ্য পকেট
পরিপাটি stitching ও finishing
হালকা textured fabric, যা লুককে আরও প্রিমিয়াম করে
Casual, outing ও everyday wear-এর জন্য উপযোগী
দীর্ঘসময় পরলেও আরামদায়ক
কার জন্য: যারা কমফোর্টের পাশাপাশি স্মার্ট ও প্রিমিয়াম লুক পছন্দ করেন, তাদের জন্য উপযুক্ত।",in stock,new,580.00 BDT,https://brinebd.xyz/?product_id=60,https://nlsfcjsgxjlikwlyyzcu.supabase.co/storage/v1/object/public/product-images/1789938454405_e0.jpg,Brine BD,Trousers
59,Premium trouser,"স্টাইল, কমফোর্ট আর প্রিমিয়াম লুক—সবকিছুর সুন্দর সমন্বয়ে তৈরি এই ট্রাউজারটি আপনার দৈনন্দিন ও ক্যাজুয়াল ওয়্যার কালেকশনের জন্য দারুণ একটি পছন্দ।
পণ্যের বৈশিষ্ট্য:
প্রিমিয়াম কোয়ালিটির ফ্যাব্রিক
সুন্দর ও স্মার্ট ফিট
আরামদায়ক ইলাস্টিক ওয়েস্টব্যান্ড
Adjustable drawstring
সামনে ও পেছনে ব্যবহারযোগ্য পকেট
পরিপাটি stitching ও finishing
হালকা textured fabric, যা লুককে আরও প্রিমিয়াম করে
Casual, outing ও everyday wear-এর জন্য উপযোগী
দীর্ঘসময় পরলেও আরামদায়ক
কার জন্য: যারা কমফোর্টের পাশাপাশি স্মার্ট ও প্রিমিয়াম লুক পছন্দ করেন, তাদের জন্য উপযুক্ত।",in stock,new,580.00 BDT,https://brinebd.xyz/?product_id=59,https://nlsfcjsgxjlikwlyyzcu.supabase.co/storage/v1/object/public/product-images/1789938465923_e0.jpg,Brine BD,Trousers
34,Premium shorts,Premium shorts,in stock,new,320.00 BDT,https://brinebd.xyz/?product_id=34,https://nlsfcjsgxjlikwlyyzcu.supabase.co/storage/v1/object/public/product-images/1786045906427_e0.jpg,Brine BD,Pants
53,Li ning shorts,"# Li-Ning Premium 2-in-1 Sports Shorts | Built-in Compression Inner | BrineBD

আপনার জিম, রানিং, ফুটবল, ক্রিকেট, সাইক্লিং কিংবা দৈনন্দিন ব্যবহারের জন্য **BrineBD Li-Ning Premium 2-in-1 Sports Shorts** একটি প্রিমিয়াম পছন্দ। এই শর্টসে রয়েছে **Built-in Compression Inner**, যা বাইরে থেকে দৃশ্যমান এবং অতিরিক্ত সাপোর্ট, কমফোর্ট ও স্টাইল নিশ্চিত করে।

উন্নত মানের **Premium Micro Stretch Fabric** দিয়ে তৈরি এই শর্টস হালকা, নরম, শ্বাস-প্রশ্বাসযোগ্য (Breathable) এবং **Quick Dry Technology**-সমৃদ্ধ। দীর্ঘ সময় পরেও এটি আরামদায়ক অনুভূতি দেয় এবং ওয়ার্কআউট বা দৈনন্দিন ব্যবহারে সর্বোচ্চ পারফরম্যান্স নিশ্চিত করে।

## Features

* Premium 2-in-1 Sports Shorts
* Visible Built-in Compression Inner
* Premium Micro Stretch Fabric
* Quick Dry Technology
* Breathable & Lightweight Material
* 4-Way Stretch for Maximum Flexibility
* Comfortable Elastic Waistband with Drawstring
* Durable Stitching & Premium Finishing
* Ideal for Gym, Running, Football, Cricket, Cycling & Daily Wear

## Why Choose BrineBD?

* Premium Quality Guaranteed
* Carefully Quality Checked Before Delivery
* Comfortable Fit & Modern Athletic Design
* Long-Lasting Fabric & Strong Stitching
* Cash on Delivery Available
* Fast Delivery Across Bangladesh
* Trusted Sportswear Brand

## Perfect For

* Gym Workout
* Running & Jogging
* Football
* Cricket
* Cycling
* Fitness Training
* Travel
* Casual Wear

## Size Guide

* XL: 26–37 Inch


---

### SEO Title

**Li-Ning Premium 2-in-1 Sports Shorts | Compression Inner | BrineBD**

### Meta Description

**Buy Li-Ning Premium 2-in-1 Sports Shorts with Built-in Compression Inner. Quick Dry, Breathable Fabric, Premium Quality, Cash on Delivery & Fast Delivery Across Bangladesh.*",in stock,new,350.00 BDT,https://brinebd.xyz/?product_id=53,https://nlsfcjsgxjlikwlyyzcu.supabase.co/storage/v1/object/public/product-images/1786046525466_e0.jpg,Li Ning,Pants
29,Premium shorts,"PUMA – আধুনিক ক্রীড়া ও ফ্যাশনের প্রতীক
পুমা বিশ্বের অন্যতম জনপ্রিয় স্পোর্টস ব্র্যান্ড, যা তার মানসম্মত ক্রীড়া পোশাকের জন্য বিখ্যাত। Brine BD‑তে আমরা নিয়ে এসেছি PUMA‑র এক্সক্লুসিভ স্পোর্টস শর্টস কালেকশন, যা খেলাধুলা থেকে শুরু করে দৈনন্দিন আরামদায়ক পরিধানে আপনার প্রথম পছন্দ হবে।

কেন এই PUMA শর্টসটি বেছে নেবেন?

শ্বাস‑প্রশ্বাসযোগ্য ফ্যাব্রিক – বিশেষ ড্রাই-ফিট বা মেশ কাপড় পা ঠান্ডা ও শুষ্ক রাখে, অতিরিক্ত ঘাম জমতে দেয় না।

হালকা ওজনের ডিজাইন – দৌড়ানো, জিম করা বা ক্রিকেট খেলার সময় কোনো অস্বস্তি হয় না।

ইলাস্টিক ওয়েস্টব্যান্ড + ড্রস্ট্রিং – পেটের সঙ্গে নিখুঁত ফিটের জন্য সামঞ্জস্যযোগ্য, যাতে শর্টস পিছলে না যায়।

টেকসই সেলাই ও প্রিমিয়াম কোয়ালিটি – দীর্ঘদিন ব্যবহারের পরেও রং ও আকৃতি অক্ষুণ্ণ থাকে।

আইকনিক PUMA লোগো – ব্র্যান্ডের পরিচিতি বহন করে, যা পরিধানকে দেয় স্পোর্টি লুক।
কখন পরবেন?

ফুটবল, ক্রিকেট, বাস্কেটবল বা দৌড় প্রশিক্ষণ

জিম ও ফিটনেস ওয়ার্কআউট

ঘরের ভেতরে আরামদায়ক পোশাক হিসেবে

গ্রীষ্মের গরমে ক্যাজুয়াল আউটিং বা বন্ধুদের সাথে আড্ডা

Brine BD‑তে কেন কিনবেন?
আমরা শুধুমাত্র ১০০% অথেনটিক PUMA পণ্য সরবরাহ করি। প্রতিটি শর্টসের সাথে থাকে ব্র্যান্ডের অরিজিনালিটি ট্যাগ। আমাদের কাছে পাবেন যুক্তিসঙ্গত দাম, সারাদেশে দ্রুত ডেলিভারি এবং ঝামেলামুক্ত রিটার্ন নীতি।

সাইজ নির্বাচন
সঠিক সাইজ পেতে আমাদের ওয়েবসাইটের সাইজ চার্ট দেখে নিন (কোমড় ও উচ্চতা মাপুন)। সাইজ নিয়ে দ্বিধায় থাকলে আমাদের কাস্টমার কেয়ার টিম আপনাকে গাইড করবে।
অর্ডার করুন আজই
পছন্দের কালার ও সাইজ বেছে নিন, কার্টে যোগ করুন আর কয়েক ক্লিকেই অর্ডার করে ফেলুন। দেশের যেকোনো জায়গায় পৌঁছে যাবে আপনার পছন্দের PUMA শর্টস।",in stock,new,320.00 BDT,https://brinebd.xyz/?product_id=29,https://nlsfcjsgxjlikwlyyzcu.supabase.co/storage/v1/object/public/product-images/1786046014174_e0.jpg,Brine BD,Pants
64,Premium trouser,Premium trouser,in stock,new,650.00 BDT,https://brinebd.xyz/?product_id=64,https://nlsfcjsgxjlikwlyyzcu.supabase.co/storage/v1/object/public/product-images/1789938555641_0.jpg,Brine BD,Trousers
43,Li ning shorts,"# Li-Ning Premium 2-in-1 Sports Shorts | Built-in Compression Inner | BrineBD

আপনার জিম, রানিং, ফুটবল, ক্রিকেট, সাইক্লিং কিংবা দৈনন্দিন ব্যবহারের জন্য **BrineBD Li-Ning Premium 2-in-1 Sports Shorts** একটি প্রিমিয়াম পছন্দ। এই শর্টসে রয়েছে **Built-in Compression Inner**, যা বাইরে থেকে দৃশ্যমান এবং অতিরিক্ত সাপোর্ট, কমফোর্ট ও স্টাইল নিশ্চিত করে।

উন্নত মানের **Premium Micro Stretch Fabric** দিয়ে তৈরি এই শর্টস হালকা, নরম, শ্বাস-প্রশ্বাসযোগ্য (Breathable) এবং **Quick Dry Technology**-সমৃদ্ধ। দীর্ঘ সময় পরেও এটি আরামদায়ক অনুভূতি দেয় এবং ওয়ার্কআউট বা দৈনন্দিন ব্যবহারে সর্বোচ্চ পারফরম্যান্স নিশ্চিত করে।

## Features

* Premium 2-in-1 Sports Shorts
* Visible Built-in Compression Inner
* Premium Micro Stretch Fabric
* Quick Dry Technology
* Breathable & Lightweight Material
* 4-Way Stretch for Maximum Flexibility
* Comfortable Elastic Waistband with Drawstring
* Durable Stitching & Premium Finishing
* Ideal for Gym, Running, Football, Cricket, Cycling & Daily Wear

## Why Choose BrineBD?

* Premium Quality Guaranteed
* Carefully Quality Checked Before Delivery
* Comfortable Fit & Modern Athletic Design
* Long-Lasting Fabric & Strong Stitching
* Cash on Delivery Available
* Fast Delivery Across Bangladesh
* Trusted Sportswear Brand

## Perfect For

* Gym Workout
* Running & Jogging
* Football
* Cricket
* Cycling
* Fitness Training
* Travel
* Casual Wear

## Size Guide

* XL: 28–33 Inch
* XXL: 34–40 Inch

---

### SEO Title

**Li-Ning Premium 2-in-1 Sports Shorts | Compression Inner | BrineBD**

### Meta Description

**Buy Li-Ning Premium 2-in-1 Sports Shorts with Built-in Compression Inner. Quick Dry, Breathable Fabric, Premium Quality, Cash on Delivery & Fast Delivery Across Bangladesh.*",in stock,new,350.00 BDT,https://brinebd.xyz/?product_id=43,https://nlsfcjsgxjlikwlyyzcu.supabase.co/storage/v1/object/public/product-images/1786046171722_e0.jpg,Li Ning,Pants
36,T90 shorts,"# T90 Premium 2-in-1 Sports Shorts | Hidden Compression Inner | BrineBD

আপনি যদি এমন একটি **Premium Sports Shorts** খুঁজে থাকেন যা বাইরে থেকে একদম সাধারণ ও স্টাইলিশ দেখায়, কিন্তু ভেতরে বিল্ট-ইন কম্প্রেশন সাপোর্ট থাকে, তাহলে **BrineBD T90 Premium 2-in-1 Sports Shorts** আপনার জন্য সেরা পছন্দ।

এই শর্টসের বিশেষত্ব হলো **Hidden Compression Inner**। অর্থাৎ, বাইরে থেকে ইননার দেখা যায় না, ফলে আপনি পান একটি পরিষ্কার (Clean Look), প্রিমিয়াম ফিনিশ এবং সর্বোচ্চ কমফোর্ট।

## কেন এই শর্টসটি বেছে নেবেন?

✅ Hidden Built-in Compression Inner (বাইরে থেকে দেখা যায় না)

✅ Premium Micro Stretch Fabric

✅ Quick Dry Technology

✅ Breathable Fabric – দীর্ঘ সময় আরামদায়ক

✅ Lightweight ও Soft Feel

✅ 4-Way Stretch

✅ Premium Stitching & Finishing

✅ Running, Gym, Football, Cricket, Cycling ও Daily Wear-এর জন্য উপযুক্ত

✅ দীর্ঘ সময় ব্যবহারেও আরামদায়ক

## Hidden Compression Inner-এর সুবিধা

* বাইরে থেকে সাধারণ প্রিমিয়াম শর্টসের মতো দেখায়।
* ইননার আলাদা করে পরতে হয় না।
* অতিরিক্ত সাপোর্ট ও আরাম দেয়।
* ব্যায়াম বা দৌড়ানোর সময় ভালো ফিট বজায় রাখে।
* আধুনিক ও মিনিমাল লুক ধরে রাখে।

## কেন BrineBD?

✔ Premium Quality Guaranteed

✔ প্রতিটি পণ্যের কোয়ালিটি চেক করা হয়

✔ টেকসই সেলাই ও উন্নত ফিনিশিং

✔ Cash on Delivery

✔ সারা বাংলাদেশে দ্রুত ডেলিভারি

✔ Customer Satisfaction আমাদের প্রথম অগ্রাধিকার

## উপযুক্ত ব্যবহার

* Gym Workout
* Running
* Football
* Cricket
* Cycling
* Fitness Training
* Travel
* Casual Wear

## Size Guide
* XL: 28–33
* XXL: 34–40

---

### SEO Keywords

T90 Sports Shorts Bangladesh, Hidden Compression Shorts, Premium Sports Shorts, Men's Gym Shorts, Running Shorts Bangladesh, Workout Shorts, Quick Dry Shorts, Athletic Shorts, Training Shorts, BrineBD Sportswear, Premium Shorts Bangladesh.

### SEO Meta Description (160 characters)

**BrineBD T90 Premium 2-in-1 Sports Shorts with Hidden Compression Inner. Quick Dry, Breathable Fabric, Premium Quality, Cash on Delivery & Fast Delivery Across Bangladesh.**",in stock,new,340.00 BDT,https://brinebd.xyz/?product_id=36,https://nlsfcjsgxjlikwlyyzcu.supabase.co/storage/v1/object/public/product-images/1790513972865_e0.jpg,T90,Pants
58,Premium shorts,"### Puma Premium Sports Shorts – Sage Green

স্টাইল, আরাম ও পারফরম্যান্স—সব একসাথে। 💯

**Puma Premium Sports Shorts** তৈরি করা হয়েছে Gym, Running, Sports, Workout এবং দৈনন্দিন ব্যবহারের জন্য। হালকা ও আরামদায়ক ফ্যাব্রিক, ইলাস্টিক ওয়েস্টব্যান্ড ও Adjustable Drawstring আপনাকে দেয় comfortable এবং secure fit।

**কেন এটি সেরা?**

* Premium & lightweight fabric
* Comfortable elastic waistband
* Adjustable drawstring for perfect fit
* Functional side pockets
* Stylish Sage Green colour
* Sporty Puma branding
* Workout ও sports-এর জন্য উপযোগী
* Casual wear-এও premium look

যারা **quality, comfort এবং stylish athletic look**—তিনটিই চান, তাদের জন্য এটি একটি perfect choice।

**BrineBD থেকে অর্ডার করুন এবং আপনার everyday sportswear collection-এ যোগ করুন premium quality shorts।**

**Colour:** Sage Green | **Style:** Sports / Gym / Casual",out of stock,new,320.00 BDT,https://brinebd.xyz/?product_id=58,https://nlsfcjsgxjlikwlyyzcu.supabase.co/storage/v1/object/public/product-images/1787159300060_0.jpg,Brine BD,Pants
35,T90 shorts,"# T90 Premium 2-in-1 Sports Shorts | Hidden Compression Inner | BrineBD

আপনি যদি এমন একটি **Premium Sports Shorts** খুঁজে থাকেন যা বাইরে থেকে একদম সাধারণ ও স্টাইলিশ দেখায়, কিন্তু ভেতরে বিল্ট-ইন কম্প্রেশন সাপোর্ট থাকে, তাহলে **BrineBD T90 Premium 2-in-1 Sports Shorts** আপনার জন্য সেরা পছন্দ।

এই শর্টসের বিশেষত্ব হলো **Hidden Compression Inner**। অর্থাৎ, বাইরে থেকে ইননার দেখা যায় না, ফলে আপনি পান একটি পরিষ্কার (Clean Look), প্রিমিয়াম ফিনিশ এবং সর্বোচ্চ কমফোর্ট।

## কেন এই শর্টসটি বেছে নেবেন?

✅ Hidden Built-in Compression Inner (বাইরে থেকে দেখা যায় না)

✅ Premium Micro Stretch Fabric

✅ Quick Dry Technology

✅ Breathable Fabric – দীর্ঘ সময় আরামদায়ক

✅ Lightweight ও Soft Feel

✅ 4-Way Stretch

✅ Premium Stitching & Finishing

✅ Running, Gym, Football, Cricket, Cycling ও Daily Wear-এর জন্য উপযুক্ত

✅ দীর্ঘ সময় ব্যবহারেও আরামদায়ক

## Hidden Compression Inner-এর সুবিধা

* বাইরে থেকে সাধারণ প্রিমিয়াম শর্টসের মতো দেখায়।
* ইননার আলাদা করে পরতে হয় না।
* অতিরিক্ত সাপোর্ট ও আরাম দেয়।
* ব্যায়াম বা দৌড়ানোর সময় ভালো ফিট বজায় রাখে।
* আধুনিক ও মিনিমাল লুক ধরে রাখে।

## কেন BrineBD?

✔ Premium Quality Guaranteed

✔ প্রতিটি পণ্যের কোয়ালিটি চেক করা হয়

✔ টেকসই সেলাই ও উন্নত ফিনিশিং

✔ Cash on Delivery

✔ সারা বাংলাদেশে দ্রুত ডেলিভারি

✔ Customer Satisfaction আমাদের প্রথম অগ্রাধিকার

## উপযুক্ত ব্যবহার

* Gym Workout
* Running
* Football
* Cricket
* Cycling
* Fitness Training
* Travel
* Casual Wear

## Size Guide
* XL: 28–33
* XXL: 34–40

---

### SEO Keywords

T90 Sports Shorts Bangladesh, Hidden Compression Shorts, Premium Sports Shorts, Men's Gym Shorts, Running Shorts Bangladesh, Workout Shorts, Quick Dry Shorts, Athletic Shorts, Training Shorts, BrineBD Sportswear, Premium Shorts Bangladesh.

### SEO Meta Description (160 characters)

**BrineBD T90 Premium 2-in-1 Sports Shorts with Hidden Compression Inner. Quick Dry, Breathable Fabric, Premium Quality, Cash on Delivery & Fast Delivery Across Bangladesh.**",out of stock,new,340.00 BDT,https://brinebd.xyz/?product_id=35,https://nlsfcjsgxjlikwlyyzcu.supabase.co/storage/v1/object/public/product-images/1784410755331_0.jpg,T90,Pants
48,T90 shorts,"জিম, ফুটবল বা দৌড়ানোর জন্য এক্সট্রা কমফোর্ট আর সাপোর্ট চান? 
এই T90 Style Shorts-এ আছে Hidden Inner Compression Layer, যা দিচ্ছে 2-in-1 বেনিফিট — বাইরে থেকে স্টাইলিশ শর্টস, ভেতরে বিল্ট-ইন কমপ্রেশন লাইনার!

✅ Hidden Inner (２ in 1) – আলাদা করে আন্ডারওয়্যার/লাইনার পরার দরকার নাই
✅ প্রিমিয়াম ব্রিদেবল ফ্যাব্রিক – ঘাম শুষে নেয়, স্কিন ফ্রেন্ডলি
✅ Inner লেয়ার moves সাথে বডি – ফুল সাপোর্ট, কোনো চাফিং নাই
✅ ইলাস্টিক ওয়েস্টব্যান্ড + ড্র-স্ট্রিং – পারফেক্ট ফিট
✅ সব সাইজ (XL, XXL) available
✅ Multiple কালার অপশন

কেন এই শর্টস বেছে নিবেন?
🏃 জিম, রানিং, ফুটবল, জিম ওয়ার্কআউট — সব জায়গায় পারফেক্ট
🔥 Inner লাইনার থাকায় এক্সট্রা কনফিডেন্স আর ফ্রিডম অফ মুভমেন্ট
💧 কুইক-ড্রাই ফ্যাব্রিক — ঘামে ভিজে গেলেও দ্রুত শুকায়

🚚 ঢাকা সিটি ৭০৳, সাব-সিটি ১০০৳, সারাদেশে ১২০৳
💳 Cash on Delivery – পণ্য হাতে পেয়ে টাকা দিন
📏 সাইজ গাইড দেখে সঠিক সাইজ বেছে নিন
🔥 লিমিটেড স্টক – আজই অর্ডার করুন!",in stock,new,340.00 BDT,https://brinebd.xyz/?product_id=48,https://nlsfcjsgxjlikwlyyzcu.supabase.co/storage/v1/object/public/product-images/1790777632942_e0.jpg,T90,Pants
57,Li ning shorts,"# Li-Ning Premium 2-in-1 Sports Shorts | Built-in Compression Inner | BrineBD

আপনার জিম, রানিং, ফুটবল, ক্রিকেট, সাইক্লিং কিংবা দৈনন্দিন ব্যবহারের জন্য **BrineBD Li-Ning Premium 2-in-1 Sports Shorts** একটি প্রিমিয়াম পছন্দ। এই শর্টসে রয়েছে **Built-in Compression Inner**, যা বাইরে থেকে দৃশ্যমান এবং অতিরিক্ত সাপোর্ট, কমফোর্ট ও স্টাইল নিশ্চিত করে।

উন্নত মানের **Premium Micro Stretch Fabric** দিয়ে তৈরি এই শর্টস হালকা, নরম, শ্বাস-প্রশ্বাসযোগ্য (Breathable) এবং **Quick Dry Technology**-সমৃদ্ধ। দীর্ঘ সময় পরেও এটি আরামদায়ক অনুভূতি দেয় এবং ওয়ার্কআউট বা দৈনন্দিন ব্যবহারে সর্বোচ্চ পারফরম্যান্স নিশ্চিত করে।

## Features

* Premium 2-in-1 Sports Shorts
* Visible Built-in Compression Inner
* Premium Micro Stretch Fabric
* Quick Dry Technology
* Breathable & Lightweight Material
* 4-Way Stretch for Maximum Flexibility
* Comfortable Elastic Waistband with Drawstring
* Durable Stitching & Premium Finishing
* Ideal for Gym, Running, Football, Cricket, Cycling & Daily Wear

## Why Choose BrineBD?

* Premium Quality Guaranteed
* Carefully Quality Checked Before Delivery
* Comfortable Fit & Modern Athletic Design
* Long-Lasting Fabric & Strong Stitching
* Cash on Delivery Available
* Fast Delivery Across Bangladesh
* Trusted Sportswear Brand

## Perfect For

* Gym Workout
* Running & Jogging
* Football
* Cricket
* Cycling
* Fitness Training
* Travel
* Casual Wear

## Size Guide

* XL: 26–37 Inch


---

### SEO Title

**Li-Ning Premium 2-in-1 Sports Shorts | Compression Inner | BrineBD**

### Meta Description

**Buy Li-Ning Premium 2-in-1 Sports Shorts with Built-in Compression Inner. Quick Dry, Breathable Fabric, Premium Quality, Cash on Delivery & Fast Delivery Across Bangladesh.*",in stock,new,350.00 BDT,https://brinebd.xyz/?product_id=57,https://nlsfcjsgxjlikwlyyzcu.supabase.co/storage/v1/object/public/product-images/1789422336709_e0.jpg,Li Ning,Pants
54,Li ning shorts,"# Li-Ning Premium 2-in-1 Sports Shorts | Built-in Compression Inner | BrineBD

আপনার জিম, রানিং, ফুটবল, ক্রিকেট, সাইক্লিং কিংবা দৈনন্দিন ব্যবহারের জন্য **BrineBD Li-Ning Premium 2-in-1 Sports Shorts** একটি প্রিমিয়াম পছন্দ। এই শর্টসে রয়েছে **Built-in Compression Inner**, যা বাইরে থেকে দৃশ্যমান এবং অতিরিক্ত সাপোর্ট, কমফোর্ট ও স্টাইল নিশ্চিত করে।

উন্নত মানের **Premium Micro Stretch Fabric** দিয়ে তৈরি এই শর্টস হালকা, নরম, শ্বাস-প্রশ্বাসযোগ্য (Breathable) এবং **Quick Dry Technology**-সমৃদ্ধ। দীর্ঘ সময় পরেও এটি আরামদায়ক অনুভূতি দেয় এবং ওয়ার্কআউট বা দৈনন্দিন ব্যবহারে সর্বোচ্চ পারফরম্যান্স নিশ্চিত করে।

## Features

* Premium 2-in-1 Sports Shorts
* Visible Built-in Compression Inner
* Premium Micro Stretch Fabric
* Quick Dry Technology
* Breathable & Lightweight Material
* 4-Way Stretch for Maximum Flexibility
* Comfortable Elastic Waistband with Drawstring
* Durable Stitching & Premium Finishing
* Ideal for Gym, Running, Football, Cricket, Cycling & Daily Wear

## Why Choose BrineBD?

* Premium Quality Guaranteed
* Carefully Quality Checked Before Delivery
* Comfortable Fit & Modern Athletic Design
* Long-Lasting Fabric & Strong Stitching
* Cash on Delivery Available
* Fast Delivery Across Bangladesh
* Trusted Sportswear Brand

## Perfect For

* Gym Workout
* Running & Jogging
* Football
* Cricket
* Cycling
* Fitness Training
* Travel
* Casual Wear

## Size Guide

* XL: 26–37 Inch


---

### SEO Title

**Li-Ning Premium 2-in-1 Sports Shorts | Compression Inner | BrineBD**

### Meta Description

**Buy Li-Ning Premium 2-in-1 Sports Shorts with Built-in Compression Inner. Quick Dry, Breathable Fabric, Premium Quality, Cash on Delivery & Fast Delivery Across Bangladesh.*",in stock,new,340.00 BDT,https://brinebd.xyz/?product_id=54,https://nlsfcjsgxjlikwlyyzcu.supabase.co/storage/v1/object/public/product-images/1786046587884_e0.jpg,Li Ning,Pants
18,T90 short pant BEIGE,"জিম, ফুটবল বা দৌড়ানোর জন্য এক্সট্রা কমফোর্ট আর সাপোর্ট চান? 
এই T90 Style Shorts-এ আছে Hidden Inner Compression Layer, যা দিচ্ছে 2-in-1 বেনিফিট — বাইরে থেকে স্টাইলিশ শর্টস, ভেতরে বিল্ট-ইন কমপ্রেশন লাইনার!

✅ Hidden Inner (２ in 1) – আলাদা করে আন্ডারওয়্যার/লাইনার পরার দরকার নাই
✅ প্রিমিয়াম ব্রিদেবল ফ্যাব্রিক – ঘাম শুষে নেয়, স্কিন ফ্রেন্ডলি
✅ Inner লেয়ার moves সাথে বডি – ফুল সাপোর্ট, কোনো চাফিং নাই
✅ ইলাস্টিক ওয়েস্টব্যান্ড + ড্র-স্ট্রিং – পারফেক্ট ফিট
✅ সব সাইজ (XL, XXL) available
✅ Multiple কালার অপশন

কেন এই শর্টস বেছে নিবেন?
🏃 জিম, রানিং, ফুটবল, জিম ওয়ার্কআউট — সব জায়গায় পারফেক্ট
🔥 Inner লাইনার থাকায় এক্সট্রা কনফিডেন্স আর ফ্রিডম অফ মুভমেন্ট
💧 কুইক-ড্রাই ফ্যাব্রিক — ঘামে ভিজে গেলেও দ্রুত শুকায়

🚚 ঢাকা সিটি ৭০৳, সাব-সিটি ১০০৳, সারাদেশে ১২০৳
💳 Cash on Delivery – পণ্য হাতে পেয়ে টাকা দিন
📏 সাইজ গাইড দেখে সঠিক সাইজ বেছে নিন
🔥 লিমিটেড স্টক – আজই অর্ডার করুন!",in stock,new,340.00 BDT,https://brinebd.xyz/?product_id=18,https://nlsfcjsgxjlikwlyyzcu.supabase.co/storage/v1/object/public/product-images/1786285518641_e0.png,T90,Pants
38,T90 shorts,"জিম, ফুটবল বা দৌড়ানোর জন্য এক্সট্রা কমফোর্ট আর সাপোর্ট চান? 
এই T90 Style Shorts-এ আছে Hidden Inner Compression Layer, যা দিচ্ছে 2-in-1 বেনিফিট — বাইরে থেকে স্টাইলিশ শর্টস, ভেতরে বিল্ট-ইন কমপ্রেশন লাইনার!

✅ Hidden Inner (２ in 1) – আলাদা করে আন্ডারওয়্যার/লাইনার পরার দরকার নাই
✅ প্রিমিয়াম ব্রিদেবল ফ্যাব্রিক – ঘাম শুষে নেয়, স্কিন ফ্রেন্ডলি
✅ Inner লেয়ার moves সাথে বডি – ফুল সাপোর্ট, কোনো চাফিং নাই
✅ ইলাস্টিক ওয়েস্টব্যান্ড + ড্র-স্ট্রিং – পারফেক্ট ফিট
✅ সব সাইজ (XL, XXL) available
✅ Multiple কালার অপশন

কেন এই শর্টস বেছে নিবেন?
🏃 জিম, রানিং, ফুটবল, জিম ওয়ার্কআউট — সব জায়গায় পারফেক্ট
🔥 Inner লাইনার থাকায় এক্সট্রা কনফিডেন্স আর ফ্রিডম অফ মুভমেন্ট
💧 কুইক-ড্রাই ফ্যাব্রিক — ঘামে ভিজে গেলেও দ্রুত শুকায়

🚚 ঢাকা সিটি ৭০৳, সাব-সিটি ১০০৳, সারাদেশে ১২০৳
💳 Cash on Delivery – পণ্য হাতে পেয়ে টাকা দিন
📏 সাইজ গাইড দেখে সঠিক সাইজ বেছে নিন
🔥 লিমিটেড স্টক – আজই অর্ডার করুন!",in stock,new,340.00 BDT,https://brinebd.xyz/?product_id=38,https://nlsfcjsgxjlikwlyyzcu.supabase.co/storage/v1/object/public/product-images/1784410993092_0.jpg,T90,Pants
45,Li ning shorts,"# Li-Ning Premium 2-in-1 Sports Shorts | Built-in Compression Inner | BrineBD

আপনার জিম, রানিং, ফুটবল, ক্রিকেট, সাইক্লিং কিংবা দৈনন্দিন ব্যবহারের জন্য **BrineBD Li-Ning Premium 2-in-1 Sports Shorts** একটি প্রিমিয়াম পছন্দ। এই শর্টসে রয়েছে **Built-in Compression Inner**, যা বাইরে থেকে দৃশ্যমান এবং অতিরিক্ত সাপোর্ট, কমফোর্ট ও স্টাইল নিশ্চিত করে।

উন্নত মানের **Premium Micro Stretch Fabric** দিয়ে তৈরি এই শর্টস হালকা, নরম, শ্বাস-প্রশ্বাসযোগ্য (Breathable) এবং **Quick Dry Technology**-সমৃদ্ধ। দীর্ঘ সময় পরেও এটি আরামদায়ক অনুভূতি দেয় এবং ওয়ার্কআউট বা দৈনন্দিন ব্যবহারে সর্বোচ্চ পারফরম্যান্স নিশ্চিত করে।

## Features

* Premium 2-in-1 Sports Shorts
* Visible Built-in Compression Inner
* Premium Micro Stretch Fabric
* Quick Dry Technology
* Breathable & Lightweight Material
* 4-Way Stretch for Maximum Flexibility
* Comfortable Elastic Waistband with Drawstring
* Durable Stitching & Premium Finishing
* Ideal for Gym, Running, Football, Cricket, Cycling & Daily Wear

## Why Choose BrineBD?

* Premium Quality Guaranteed
* Carefully Quality Checked Before Delivery
* Comfortable Fit & Modern Athletic Design
* Long-Lasting Fabric & Strong Stitching
* Cash on Delivery Available
* Fast Delivery Across Bangladesh
* Trusted Sportswear Brand

## Perfect For

* Gym Workout
* Running & Jogging
* Football
* Cricket
* Cycling
* Fitness Training
* Travel
* Casual Wear

## Size Guide

* XL: 28–33 Inch
* XXL: 34–40 Inch

---

### SEO Title

**Li-Ning Premium 2-in-1 Sports Shorts | Compression Inner | BrineBD**

### Meta Description

**Buy Li-Ning Premium 2-in-1 Sports Shorts with Built-in Compression Inner. Quick Dry, Breathable Fabric, Premium Quality, Cash on Delivery & Fast Delivery Across Bangladesh.*",in stock,new,350.00 BDT,https://brinebd.xyz/?product_id=45,https://nlsfcjsgxjlikwlyyzcu.supabase.co/storage/v1/object/public/product-images/1790759738978_e0.jpg,Li Ning,Pants
41,T90 shorts,"জিম, ফুটবল বা দৌড়ানোর জন্য এক্সট্রা কমফোর্ট আর সাপোর্ট চান? 
এই T90 Style Shorts-এ আছে Hidden Inner Compression Layer, যা দিচ্ছে 2-in-1 বেনিফিট — বাইরে থেকে স্টাইলিশ শর্টস, ভেতরে বিল্ট-ইন কমপ্রেশন লাইনার!

✅ Hidden Inner (２ in 1) – আলাদা করে আন্ডারওয়্যার/লাইনার পরার দরকার নাই
✅ প্রিমিয়াম ব্রিদেবল ফ্যাব্রিক – ঘাম শুষে নেয়, স্কিন ফ্রেন্ডলি
✅ Inner লেয়ার moves সাথে বডি – ফুল সাপোর্ট, কোনো চাফিং নাই
✅ ইলাস্টিক ওয়েস্টব্যান্ড + ড্র-স্ট্রিং – পারফেক্ট ফিট
✅ সব সাইজ (XL, XXL) available
✅ Multiple কালার অপশন

কেন এই শর্টস বেছে নিবেন?
🏃 জিম, রানিং, ফুটবল, জিম ওয়ার্কআউট — সব জায়গায় পারফেক্ট
🔥 Inner লাইনার থাকায় এক্সট্রা কনফিডেন্স আর ফ্রিডম অফ মুভমেন্ট
💧 কুইক-ড্রাই ফ্যাব্রিক — ঘামে ভিজে গেলেও দ্রুত শুকায়

🚚 ঢাকা সিটি ৭০৳, সাব-সিটি ১০০৳, সারাদেশে ১২০৳
💳 Cash on Delivery – পণ্য হাতে পেয়ে টাকা দিন
📏 সাইজ গাইড দেখে সঠিক সাইজ বেছে নিন
🔥 লিমিটেড স্টক – আজই অর্ডার করুন!",in stock,new,340.00 BDT,https://brinebd.xyz/?product_id=41,https://nlsfcjsgxjlikwlyyzcu.supabase.co/storage/v1/object/public/product-images/1784558017584_0.jpg,T90,Pants
28,Premium shorts,"PUMA – আধুনিক ক্রীড়া ও ফ্যাশনের প্রতীক
পুমা বিশ্বের অন্যতম জনপ্রিয় স্পোর্টস ব্র্যান্ড, যা তার মানসম্মত ক্রীড়া পোশাকের জন্য বিখ্যাত। Brine BD‑তে আমরা নিয়ে এসেছি PUMA‑র এক্সক্লুসিভ স্পোর্টস শর্টস কালেকশন, যা খেলাধুলা থেকে শুরু করে দৈনন্দিন আরামদায়ক পরিধানে আপনার প্রথম পছন্দ হবে।

কেন এই PUMA শর্টসটি বেছে নেবেন?

শ্বাস‑প্রশ্বাসযোগ্য ফ্যাব্রিক – বিশেষ ড্রাই-ফিট বা মেশ কাপড় পা ঠান্ডা ও শুষ্ক রাখে, অতিরিক্ত ঘাম জমতে দেয় না।

হালকা ওজনের ডিজাইন – দৌড়ানো, জিম করা বা ক্রিকেট খেলার সময় কোনো অস্বস্তি হয় না।

ইলাস্টিক ওয়েস্টব্যান্ড + ড্রস্ট্রিং – পেটের সঙ্গে নিখুঁত ফিটের জন্য সামঞ্জস্যযোগ্য, যাতে শর্টস পিছলে না যায়।

টেকসই সেলাই ও প্রিমিয়াম কোয়ালিটি – দীর্ঘদিন ব্যবহারের পরেও রং ও আকৃতি অক্ষুণ্ণ থাকে।

আইকনিক PUMA লোগো – ব্র্যান্ডের পরিচিতি বহন করে, যা পরিধানকে দেয় স্পোর্টি লুক।
কখন পরবেন?

ফুটবল, ক্রিকেট, বাস্কেটবল বা দৌড় প্রশিক্ষণ

জিম ও ফিটনেস ওয়ার্কআউট

ঘরের ভেতরে আরামদায়ক পোশাক হিসেবে

গ্রীষ্মের গরমে ক্যাজুয়াল আউটিং বা বন্ধুদের সাথে আড্ডা

Brine BD‑তে কেন কিনবেন?
আমরা শুধুমাত্র ১০০% অথেনটিক PUMA পণ্য সরবরাহ করি। প্রতিটি শর্টসের সাথে থাকে ব্র্যান্ডের অরিজিনালিটি ট্যাগ। আমাদের কাছে পাবেন যুক্তিসঙ্গত দাম, সারাদেশে দ্রুত ডেলিভারি এবং ঝামেলামুক্ত রিটার্ন নীতি।

সাইজ নির্বাচন
সঠিক সাইজ পেতে আমাদের ওয়েবসাইটের সাইজ চার্ট দেখে নিন (কোমড় ও উচ্চতা মাপুন)। সাইজ নিয়ে দ্বিধায় থাকলে আমাদের কাস্টমার কেয়ার টিম আপনাকে গাইড করবে।
অর্ডার করুন আজই
পছন্দের কালার ও সাইজ বেছে নিন, কার্টে যোগ করুন আর কয়েক ক্লিকেই অর্ডার করে ফেলুন। দেশের যেকোনো জায়গায় পৌঁছে যাবে আপনার পছন্দের PUMA শর্টস।",in stock,new,320.00 BDT,https://brinebd.xyz/?product_id=28,https://nlsfcjsgxjlikwlyyzcu.supabase.co/storage/v1/object/public/product-images/1786046039933_e0.jpg,Brine BD,Pants
50,T90,"জিম, ফুটবল বা দৌড়ানোর জন্য এক্সট্রা কমফোর্ট আর সাপোর্ট চান? 
এই T90 Style Shorts-এ আছে Hidden Inner Compression Layer, যা দিচ্ছে 2-in-1 বেনিফিট — বাইরে থেকে স্টাইলিশ শর্টস, ভেতরে বিল্ট-ইন কমপ্রেশন লাইনার!

✅ Hidden Inner (２ in 1) – আলাদা করে আন্ডারওয়্যার/লাইনার পরার দরকার নাই
✅ প্রিমিয়াম ব্রিদেবল ফ্যাব্রিক – ঘাম শুষে নেয়, স্কিন ফ্রেন্ডলি
✅ Inner লেয়ার moves সাথে বডি – ফুল সাপোর্ট, কোনো চাফিং নাই
✅ ইলাস্টিক ওয়েস্টব্যান্ড + ড্র-স্ট্রিং – পারফেক্ট ফিট
✅ সব সাইজ (XL, XXL) available
✅ Multiple কালার অপশন

কেন এই শর্টস বেছে নিবেন?
🏃 জিম, রানিং, ফুটবল, জিম ওয়ার্কআউট — সব জায়গায় পারফেক্ট
🔥 Inner লাইনার থাকায় এক্সট্রা কনফিডেন্স আর ফ্রিডম অফ মুভমেন্ট
💧 কুইক-ড্রাই ফ্যাব্রিক — ঘামে ভিজে গেলেও দ্রুত শুকায়

🚚 ঢাকা সিটি ৭০৳, সাব-সিটি ১০০৳, সারাদেশে ১২০৳
💳 Cash on Delivery – পণ্য হাতে পেয়ে টাকা দিন
📏 সাইজ গাইড দেখে সঠিক সাইজ বেছে নিন
🔥 লিমিটেড স্টক – আজই অর্ডার করুন!",in stock,new,340.00 BDT,https://brinebd.xyz/?product_id=50,https://nlsfcjsgxjlikwlyyzcu.supabase.co/storage/v1/object/public/product-images/1790343782241_e0.jpg,T90,Pants
32,Premium shorts,"PUMA – আধুনিক ক্রীড়া ও ফ্যাশনের প্রতীক
পুমা বিশ্বের অন্যতম জনপ্রিয় স্পোর্টস ব্র্যান্ড, যা তার মানসম্মত ক্রীড়া পোশাকের জন্য বিখ্যাত। Brine BD‑তে আমরা নিয়ে এসেছি PUMA‑র এক্সক্লুসিভ স্পোর্টস শর্টস কালেকশন, যা খেলাধুলা থেকে শুরু করে দৈনন্দিন আরামদায়ক পরিধানে আপনার প্রথম পছন্দ হবে।

কেন এই PUMA শর্টসটি বেছে নেবেন?

শ্বাস‑প্রশ্বাসযোগ্য ফ্যাব্রিক – বিশেষ ড্রাই-ফিট বা মেশ কাপড় পা ঠান্ডা ও শুষ্ক রাখে, অতিরিক্ত ঘাম জমতে দেয় না।

হালকা ওজনের ডিজাইন – দৌড়ানো, জিম করা বা ক্রিকেট খেলার সময় কোনো অস্বস্তি হয় না।

ইলাস্টিক ওয়েস্টব্যান্ড + ড্রস্ট্রিং – পেটের সঙ্গে নিখুঁত ফিটের জন্য সামঞ্জস্যযোগ্য, যাতে শর্টস পিছলে না যায়।

টেকসই সেলাই ও প্রিমিয়াম কোয়ালিটি – দীর্ঘদিন ব্যবহারের পরেও রং ও আকৃতি অক্ষুণ্ণ থাকে।

আইকনিক PUMA লোগো – ব্র্যান্ডের পরিচিতি বহন করে, যা পরিধানকে দেয় স্পোর্টি লুক।
কখন পরবেন?

ফুটবল, ক্রিকেট, বাস্কেটবল বা দৌড় প্রশিক্ষণ

জিম ও ফিটনেস ওয়ার্কআউট

ঘরের ভেতরে আরামদায়ক পোশাক হিসেবে

গ্রীষ্মের গরমে ক্যাজুয়াল আউটিং বা বন্ধুদের সাথে আড্ডা

Brine BD‑তে কেন কিনবেন?
আমরা শুধুমাত্র ১০০% অথেনটিক PUMA পণ্য সরবরাহ করি। প্রতিটি শর্টসের সাথে থাকে ব্র্যান্ডের অরিজিনালিটি ট্যাগ। আমাদের কাছে পাবেন যুক্তিসঙ্গত দাম, সারাদেশে দ্রুত ডেলিভারি এবং ঝামেলামুক্ত রিটার্ন নীতি।

সাইজ নির্বাচন
সঠিক সাইজ পেতে আমাদের ওয়েবসাইটের সাইজ চার্ট দেখে নিন (কোমড় ও উচ্চতা মাপুন)। সাইজ নিয়ে দ্বিধায় থাকলে আমাদের কাস্টমার কেয়ার টিম আপনাকে গাইড করবে।
অর্ডার করুন আজই
পছন্দের কালার ও সাইজ বেছে নিন, কার্টে যোগ করুন আর কয়েক ক্লিকেই অর্ডার করে ফেলুন। দেশের যেকোনো জায়গায় পৌঁছে যাবে আপনার পছন্দের PUMA শর্টস।",in stock,new,320.00 BDT,https://brinebd.xyz/?product_id=32,https://nlsfcjsgxjlikwlyyzcu.supabase.co/storage/v1/object/public/product-images/1786045958180_e0.jpg,Brine BD,Pants
31,Premium shorts,"PUMA – আধুনিক ক্রীড়া ও ফ্যাশনের প্রতীক
পুমা বিশ্বের অন্যতম জনপ্রিয় স্পোর্টস ব্র্যান্ড, যা তার মানসম্মত ক্রীড়া পোশাকের জন্য বিখ্যাত। Brine BD‑তে আমরা নিয়ে এসেছি PUMA‑র এক্সক্লুসিভ স্পোর্টস শর্টস কালেকশন, যা খেলাধুলা থেকে শুরু করে দৈনন্দিন আরামদায়ক পরিধানে আপনার প্রথম পছন্দ হবে।

কেন এই PUMA শর্টসটি বেছে নেবেন?

শ্বাস‑প্রশ্বাসযোগ্য ফ্যাব্রিক – বিশেষ ড্রাই-ফিট বা মেশ কাপড় পা ঠান্ডা ও শুষ্ক রাখে, অতিরিক্ত ঘাম জমতে দেয় না।

হালকা ওজনের ডিজাইন – দৌড়ানো, জিম করা বা ক্রিকেট খেলার সময় কোনো অস্বস্তি হয় না।

ইলাস্টিক ওয়েস্টব্যান্ড + ড্রস্ট্রিং – পেটের সঙ্গে নিখুঁত ফিটের জন্য সামঞ্জস্যযোগ্য, যাতে শর্টস পিছলে না যায়।

টেকসই সেলাই ও প্রিমিয়াম কোয়ালিটি – দীর্ঘদিন ব্যবহারের পরেও রং ও আকৃতি অক্ষুণ্ণ থাকে।

আইকনিক PUMA লোগো – ব্র্যান্ডের পরিচিতি বহন করে, যা পরিধানকে দেয় স্পোর্টি লুক।
কখন পরবেন?

ফুটবল, ক্রিকেট, বাস্কেটবল বা দৌড় প্রশিক্ষণ

জিম ও ফিটনেস ওয়ার্কআউট

ঘরের ভেতরে আরামদায়ক পোশাক হিসেবে

গ্রীষ্মের গরমে ক্যাজুয়াল আউটিং বা বন্ধুদের সাথে আড্ডা

Brine BD‑তে কেন কিনবেন?
আমরা শুধুমাত্র ১০০% অথেনটিক PUMA পণ্য সরবরাহ করি। প্রতিটি শর্টসের সাথে থাকে ব্র্যান্ডের অরিজিনালিটি ট্যাগ। আমাদের কাছে পাবেন যুক্তিসঙ্গত দাম, সারাদেশে দ্রুত ডেলিভারি এবং ঝামেলামুক্ত রিটার্ন নীতি।

সাইজ নির্বাচন
সঠিক সাইজ পেতে আমাদের ওয়েবসাইটের সাইজ চার্ট দেখে নিন (কোমড় ও উচ্চতা মাপুন)। সাইজ নিয়ে দ্বিধায় থাকলে আমাদের কাস্টমার কেয়ার টিম আপনাকে গাইড করবে।
অর্ডার করুন আজই
পছন্দের কালার ও সাইজ বেছে নিন, কার্টে যোগ করুন আর কয়েক ক্লিকেই অর্ডার করে ফেলুন। দেশের যেকোনো জায়গায় পৌঁছে যাবে আপনার পছন্দের PUMA শর্টস।",in stock,new,320.00 BDT,https://brinebd.xyz/?product_id=31,https://nlsfcjsgxjlikwlyyzcu.supabase.co/storage/v1/object/public/product-images/1786045976292_e0.jpg,Brine BD,Pants
61,Premium trouser,"স্টাইল, কমফোর্ট আর প্রিমিয়াম লুক—সবকিছুর সুন্দর সমন্বয়ে তৈরি এই ট্রাউজারটি আপনার দৈনন্দিন ও ক্যাজুয়াল ওয়্যার কালেকশনের জন্য দারুণ একটি পছন্দ।
পণ্যের বৈশিষ্ট্য:
প্রিমিয়াম কোয়ালিটির ফ্যাব্রিক
সুন্দর ও স্মার্ট ফিট
আরামদায়ক ইলাস্টিক ওয়েস্টব্যান্ড
Adjustable drawstring
সামনে ও পেছনে ব্যবহারযোগ্য পকেট
পরিপাটি stitching ও finishing
হালকা textured fabric, যা লুককে আরও প্রিমিয়াম করে
Casual, outing ও everyday wear-এর জন্য উপযোগী
দীর্ঘসময় পরলেও আরামদায়ক
কার জন্য: যারা কমফোর্টের পাশাপাশি স্মার্ট ও প্রিমিয়াম লুক পছন্দ করেন, তাদের জন্য উপযুক্ত।",in stock,new,580.00 BDT,https://brinebd.xyz/?product_id=61,https://nlsfcjsgxjlikwlyyzcu.supabase.co/storage/v1/object/public/product-images/1790063805691_e0.jpg,Brine BD,Trousers
46,Li ning shorts,"# Li-Ning Premium 2-in-1 Sports Shorts | Built-in Compression Inner | BrineBD

আপনার জিম, রানিং, ফুটবল, ক্রিকেট, সাইক্লিং কিংবা দৈনন্দিন ব্যবহারের জন্য **BrineBD Li-Ning Premium 2-in-1 Sports Shorts** একটি প্রিমিয়াম পছন্দ। এই শর্টসে রয়েছে **Built-in Compression Inner**, যা বাইরে থেকে দৃশ্যমান এবং অতিরিক্ত সাপোর্ট, কমফোর্ট ও স্টাইল নিশ্চিত করে।

উন্নত মানের **Premium Micro Stretch Fabric** দিয়ে তৈরি এই শর্টস হালকা, নরম, শ্বাস-প্রশ্বাসযোগ্য (Breathable) এবং **Quick Dry Technology**-সমৃদ্ধ। দীর্ঘ সময় পরেও এটি আরামদায়ক অনুভূতি দেয় এবং ওয়ার্কআউট বা দৈনন্দিন ব্যবহারে সর্বোচ্চ পারফরম্যান্স নিশ্চিত করে।

## Features

* Premium 2-in-1 Sports Shorts
* Visible Built-in Compression Inner
* Premium Micro Stretch Fabric
* Quick Dry Technology
* Breathable & Lightweight Material
* 4-Way Stretch for Maximum Flexibility
* Comfortable Elastic Waistband with Drawstring
* Durable Stitching & Premium Finishing
* Ideal for Gym, Running, Football, Cricket, Cycling & Daily Wear

## Why Choose BrineBD?

* Premium Quality Guaranteed
* Carefully Quality Checked Before Delivery
* Comfortable Fit & Modern Athletic Design
* Long-Lasting Fabric & Strong Stitching
* Cash on Delivery Available
* Fast Delivery Across Bangladesh
* Trusted Sportswear Brand

## Perfect For

* Gym Workout
* Running & Jogging
* Football
* Cricket
* Cycling
* Fitness Training
* Travel
* Casual Wear

## Size Guide

* XL: 28–33 Inch
* XXL: 34–40 Inch

---

### SEO Title

**Li-Ning Premium 2-in-1 Sports Shorts | Compression Inner | BrineBD**

### Meta Description

**Buy Li-Ning Premium 2-in-1 Sports Shorts with Built-in Compression Inner. Quick Dry, Breathable Fabric, Premium Quality, Cash on Delivery & Fast Delivery Across Bangladesh.*",in stock,new,350.00 BDT,https://brinebd.xyz/?product_id=46,https://nlsfcjsgxjlikwlyyzcu.supabase.co/storage/v1/object/public/product-images/1789565640968_e0.jpg,Li Ning,Pants
66,Premium trousers,Premium trousers,in stock,new,580.00 BDT,https://brinebd.xyz/?product_id=66,https://nlsfcjsgxjlikwlyyzcu.supabase.co/storage/v1/object/public/product-images/1790078903717_0.jpg,Brine BD,Trousers
67,Comport trouser,Comport trouser,in stock,new,340.00 BDT,https://brinebd.xyz/?product_id=67,https://nlsfcjsgxjlikwlyyzcu.supabase.co/storage/v1/object/public/product-images/1790106115324_0.jpg,Brine BD,Trousers
68,Comport trouser,Comport trouser,in stock,new,340.00 BDT,https://brinebd.xyz/?product_id=68,https://nlsfcjsgxjlikwlyyzcu.supabase.co/storage/v1/object/public/product-images/1790106170319_0.jpg,Brine BD,Trousers
51,T90 shorts,"জিম, ফুটবল বা দৌড়ানোর জন্য এক্সট্রা কমফোর্ট আর সাপোর্ট চান? 
এই T90 Style Shorts-এ আছে Hidden Inner Compression Layer, যা দিচ্ছে 2-in-1 বেনিফিট — বাইরে থেকে স্টাইলিশ শর্টস, ভেতরে বিল্ট-ইন কমপ্রেশন লাইনার!

✅ Hidden Inner (２ in 1) – আলাদা করে আন্ডারওয়্যার/লাইনার পরার দরকার নাই
✅ প্রিমিয়াম ব্রিদেবল ফ্যাব্রিক – ঘাম শুষে নেয়, স্কিন ফ্রেন্ডলি
✅ Inner লেয়ার moves সাথে বডি – ফুল সাপোর্ট, কোনো চাফিং নাই
✅ ইলাস্টিক ওয়েস্টব্যান্ড + ড্র-স্ট্রিং – পারফেক্ট ফিট
✅ সব সাইজ (XL, XXL) available
✅ Multiple কালার অপশন

কেন এই শর্টস বেছে নিবেন?
🏃 জিম, রানিং, ফুটবল, জিম ওয়ার্কআউট — সব জায়গায় পারফেক্ট
🔥 Inner লাইনার থাকায় এক্সট্রা কনফিডেন্স আর ফ্রিডম অফ মুভমেন্ট
💧 কুইক-ড্রাই ফ্যাব্রিক — ঘামে ভিজে গেলেও দ্রুত শুকায়

🚚 ঢাকা সিটি ৭০৳, সাব-সিটি ১০০৳, সারাদেশে ১২০৳
💳 Cash on Delivery – পণ্য হাতে পেয়ে টাকা দিন
📏 সাইজ গাইড দেখে সঠিক সাইজ বেছে নিন
🔥 লিমিটেড স্টক – আজই অর্ডার করুন!",in stock,new,340.00 BDT,https://brinebd.xyz/?product_id=51,https://nlsfcjsgxjlikwlyyzcu.supabase.co/storage/v1/object/public/product-images/1790777577248_e0.jpg,T90,Jersey
55,Li ning shorts,"# Li-Ning Premium 2-in-1 Sports Shorts | Built-in Compression Inner | BrineBD

আপনার জিম, রানিং, ফুটবল, ক্রিকেট, সাইক্লিং কিংবা দৈনন্দিন ব্যবহারের জন্য **BrineBD Li-Ning Premium 2-in-1 Sports Shorts** একটি প্রিমিয়াম পছন্দ। এই শর্টসে রয়েছে **Built-in Compression Inner**, যা বাইরে থেকে দৃশ্যমান এবং অতিরিক্ত সাপোর্ট, কমফোর্ট ও স্টাইল নিশ্চিত করে।

উন্নত মানের **Premium Micro Stretch Fabric** দিয়ে তৈরি এই শর্টস হালকা, নরম, শ্বাস-প্রশ্বাসযোগ্য (Breathable) এবং **Quick Dry Technology**-সমৃদ্ধ। দীর্ঘ সময় পরেও এটি আরামদায়ক অনুভূতি দেয় এবং ওয়ার্কআউট বা দৈনন্দিন ব্যবহারে সর্বোচ্চ পারফরম্যান্স নিশ্চিত করে।

## Features

* Premium 2-in-1 Sports Shorts
* Visible Built-in Compression Inner
* Premium Micro Stretch Fabric
* Quick Dry Technology
* Breathable & Lightweight Material
* 4-Way Stretch for Maximum Flexibility
* Comfortable Elastic Waistband with Drawstring
* Durable Stitching & Premium Finishing
* Ideal for Gym, Running, Football, Cricket, Cycling & Daily Wear

## Why Choose BrineBD?

* Premium Quality Guaranteed
* Carefully Quality Checked Before Delivery
* Comfortable Fit & Modern Athletic Design
* Long-Lasting Fabric & Strong Stitching
* Cash on Delivery Available
* Fast Delivery Across Bangladesh
* Trusted Sportswear Brand

## Perfect For

* Gym Workout
* Running & Jogging
* Football
* Cricket
* Cycling
* Fitness Training
* Travel
* Casual Wear

## Size Guide

* XL: 26–37 Inch


---

### SEO Title

**Li-Ning Premium 2-in-1 Sports Shorts | Compression Inner | BrineBD**

### Meta Description

**Buy Li-Ning Premium 2-in-1 Sports Shorts with Built-in Compression Inner. Quick Dry, Breathable Fabric, Premium Quality, Cash on Delivery & Fast Delivery Across Bangladesh.*",in stock,new,350.00 BDT,https://brinebd.xyz/?product_id=55,https://nlsfcjsgxjlikwlyyzcu.supabase.co/storage/v1/object/public/product-images/1790759778719_e0.jpg,Li Ning,Pants
47,Li ning shorts,"# Li-Ning Premium 2-in-1 Sports Shorts | Built-in Compression Inner | BrineBD

আপনার জিম, রানিং, ফুটবল, ক্রিকেট, সাইক্লিং কিংবা দৈনন্দিন ব্যবহারের জন্য **BrineBD Li-Ning Premium 2-in-1 Sports Shorts** একটি প্রিমিয়াম পছন্দ। এই শর্টসে রয়েছে **Built-in Compression Inner**, যা বাইরে থেকে দৃশ্যমান এবং অতিরিক্ত সাপোর্ট, কমফোর্ট ও স্টাইল নিশ্চিত করে।

উন্নত মানের **Premium Micro Stretch Fabric** দিয়ে তৈরি এই শর্টস হালকা, নরম, শ্বাস-প্রশ্বাসযোগ্য (Breathable) এবং **Quick Dry Technology**-সমৃদ্ধ। দীর্ঘ সময় পরেও এটি আরামদায়ক অনুভূতি দেয় এবং ওয়ার্কআউট বা দৈনন্দিন ব্যবহারে সর্বোচ্চ পারফরম্যান্স নিশ্চিত করে।

## Features

* Premium 2-in-1 Sports Shorts
* Visible Built-in Compression Inner
* Premium Micro Stretch Fabric
* Quick Dry Technology
* Breathable & Lightweight Material
* 4-Way Stretch for Maximum Flexibility
* Comfortable Elastic Waistband with Drawstring
* Durable Stitching & Premium Finishing
* Ideal for Gym, Running, Football, Cricket, Cycling & Daily Wear

## Why Choose BrineBD?

* Premium Quality Guaranteed
* Carefully Quality Checked Before Delivery
* Comfortable Fit & Modern Athletic Design
* Long-Lasting Fabric & Strong Stitching
* Cash on Delivery Available
* Fast Delivery Across Bangladesh
* Trusted Sportswear Brand

## Perfect For

* Gym Workout
* Running & Jogging
* Football
* Cricket
* Cycling
* Fitness Training
* Travel
* Casual Wear

## Size Guide

* XL: 28–33 Inch
* XXL: 34–40 Inch

---

### SEO Title

**Li-Ning Premium 2-in-1 Sports Shorts | Compression Inner | BrineBD**

### Meta Description

**Buy Li-Ning Premium 2-in-1 Sports Shorts with Built-in Compression Inner. Quick Dry, Breathable Fabric, Premium Quality, Cash on Delivery & Fast Delivery Across Bangladesh.*",in stock,new,350.00 BDT,https://brinebd.xyz/?product_id=47,https://nlsfcjsgxjlikwlyyzcu.supabase.co/storage/v1/object/public/product-images/1786046284037_e0.jpg,Li Ning,Pants
56,Li ning shorts,"# Li-Ning Premium 2-in-1 Sports Shorts | Built-in Compression Inner | BrineBD

আপনার জিম, রানিং, ফুটবল, ক্রিকেট, সাইক্লিং কিংবা দৈনন্দিন ব্যবহারের জন্য **BrineBD Li-Ning Premium 2-in-1 Sports Shorts** একটি প্রিমিয়াম পছন্দ। এই শর্টসে রয়েছে **Built-in Compression Inner**, যা বাইরে থেকে দৃশ্যমান এবং অতিরিক্ত সাপোর্ট, কমফোর্ট ও স্টাইল নিশ্চিত করে।

উন্নত মানের **Premium Micro Stretch Fabric** দিয়ে তৈরি এই শর্টস হালকা, নরম, শ্বাস-প্রশ্বাসযোগ্য (Breathable) এবং **Quick Dry Technology**-সমৃদ্ধ। দীর্ঘ সময় পরেও এটি আরামদায়ক অনুভূতি দেয় এবং ওয়ার্কআউট বা দৈনন্দিন ব্যবহারে সর্বোচ্চ পারফরম্যান্স নিশ্চিত করে।

## Features

* Premium 2-in-1 Sports Shorts
* Visible Built-in Compression Inner
* Premium Micro Stretch Fabric
* Quick Dry Technology
* Breathable & Lightweight Material
* 4-Way Stretch for Maximum Flexibility
* Comfortable Elastic Waistband with Drawstring
* Durable Stitching & Premium Finishing
* Ideal for Gym, Running, Football, Cricket, Cycling & Daily Wear

## Why Choose BrineBD?

* Premium Quality Guaranteed
* Carefully Quality Checked Before Delivery
* Comfortable Fit & Modern Athletic Design
* Long-Lasting Fabric & Strong Stitching
* Cash on Delivery Available
* Fast Delivery Across Bangladesh
* Trusted Sportswear Brand

## Perfect For

* Gym Workout
* Running & Jogging
* Football
* Cricket
* Cycling
* Fitness Training
* Travel
* Casual Wear

## Size Guide

* XL: 26–37 Inch


---

### SEO Title

**Li-Ning Premium 2-in-1 Sports Shorts | Compression Inner | BrineBD**

### Meta Description

**Buy Li-Ning Premium 2-in-1 Sports Shorts with Built-in Compression Inner. Quick Dry, Breathable Fabric, Premium Quality, Cash on Delivery & Fast Delivery Across Bangladesh.*",in stock,new,350.00 BDT,https://brinebd.xyz/?product_id=56,https://nlsfcjsgxjlikwlyyzcu.supabase.co/storage/v1/object/public/product-images/1790503944581_e0.jpg,Li Ning,Pants
49,T90,"# T90 Premium 2-in-1 Sports Shorts | Hidden Compression Inner | BrineBD

আপনি যদি এমন একটি **Premium Sports Shorts** খুঁজে থাকেন যা বাইরে থেকে একদম সাধারণ ও স্টাইলিশ দেখায়, কিন্তু ভেতরে বিল্ট-ইন কম্প্রেশন সাপোর্ট থাকে, তাহলে **BrineBD T90 Premium 2-in-1 Sports Shorts** আপনার জন্য সেরা পছন্দ।

এই শর্টসের বিশেষত্ব হলো **Hidden Compression Inner**। অর্থাৎ, বাইরে থেকে ইননার দেখা যায় না, ফলে আপনি পান একটি পরিষ্কার (Clean Look), প্রিমিয়াম ফিনিশ এবং সর্বোচ্চ কমফোর্ট।

## কেন এই শর্টসটি বেছে নেবেন?

✅ Hidden Built-in Compression Inner (বাইরে থেকে দেখা যায় না)

✅ Premium Micro Stretch Fabric

✅ Quick Dry Technology

✅ Breathable Fabric – দীর্ঘ সময় আরামদায়ক

✅ Lightweight ও Soft Feel

✅ 4-Way Stretch

✅ Premium Stitching & Finishing

✅ Running, Gym, Football, Cricket, Cycling ও Daily Wear-এর জন্য উপযুক্ত

✅ দীর্ঘ সময় ব্যবহারেও আরামদায়ক

## Hidden Compression Inner-এর সুবিধা

* বাইরে থেকে সাধারণ প্রিমিয়াম শর্টসের মতো দেখায়।
* ইননার আলাদা করে পরতে হয় না।
* অতিরিক্ত সাপোর্ট ও আরাম দেয়।
* ব্যায়াম বা দৌড়ানোর সময় ভালো ফিট বজায় রাখে।
* আধুনিক ও মিনিমাল লুক ধরে রাখে।

## কেন BrineBD?

✔ Premium Quality Guaranteed

✔ প্রতিটি পণ্যের কোয়ালিটি চেক করা হয়

✔ টেকসই সেলাই ও উন্নত ফিনিশিং

✔ Cash on Delivery

✔ সারা বাংলাদেশে দ্রুত ডেলিভারি

✔ Customer Satisfaction আমাদের প্রথম অগ্রাধিকার

## উপযুক্ত ব্যবহার

* Gym Workout
* Running
* Football
* Cricket
* Cycling
* Fitness Training
* Travel
* Casual Wear

## Size Guide
* XL: 28–33
* XXL: 34–40

---

### SEO Keywords

T90 Sports Shorts Bangladesh, Hidden Compression Shorts, Premium Sports Shorts, Men's Gym Shorts, Running Shorts Bangladesh, Workout Shorts, Quick Dry Shorts, Athletic Shorts, Training Shorts, BrineBD Sportswear, Premium Shorts Bangladesh.

### SEO Meta Description (160 characters)

**BrineBD T90 Premium 2-in-1 Sports Shorts with Hidden Compression Inner. Quick Dry, Breathable Fabric, Premium Quality, Cash on Delivery & Fast Delivery Across Bangladesh.**",in stock,new,340.00 BDT,https://brinebd.xyz/?product_id=49,https://nlsfcjsgxjlikwlyyzcu.supabase.co/storage/v1/object/public/product-images/1790320101972_e0.jpg,T90,Pants
